Animali domestici,Abbigliamento,,,
Animali domestici,Acquari,,,
Animali domestici,Alligatori,,,
Animali domestici,Alpaca,,,
Animali domestici,Anatre,,,
Animali domestici,Anfibi,,,
Animali domestici,Animali domestici,,,
Animali domestici,Ara,,,
Animali domestici,Asini,,,
Animali domestici,Bellezza,,,
Animali domestici,Cacatua,,,
Animali domestici,Caimani,,,
Animali domestici,Camaleonti,,,
Animali domestici,Canarini,,,
Animali domestici,Cani,,,
Animali domestici,Capre nane,,,
Animali domestici,Cavalli,,,
Animali domestici,Coccodrilli,,,
Animali domestici,Cocorite,,,
Animali domestici,Colombe,,,
Animali domestici,Conigli,,,
Animali domestici,Criceti,,,
Animali domestici,Cura della salute,,,
Animali domestici,Donnole,,,
Animali domestici,Educazione,,,
Animali domestici,Fattoria,,,
Animali domestici,Fiere,,,
Animali domestici,Formiche,,,
Animali domestici,Furetti,,,
Animali domestici,Galline,,,
Animali domestici,Gatti,,,
Animali domestici,Giardinaggio,,,
Animali domestici,Giocattoli,,,
Animali domestici,Grilli,,,
Animali domestici,Iguane,,,
Animali domestici,Insetti,,,
Animali domestici,Lucertole,,,
Animali domestici,Maialini,,,
Animali domestici,Mammiferi,,,
Animali domestici,Moda e sfilate,,,
Animali domestici,Mostre animali,,,
Animali domestici,Mucca,,,
Animali domestici,Ospedale,,,
Animali domestici,Ozio,,,
Animali domestici,Pappagalli,,,
Animali domestici,Pesci,,,
Animali domestici,Porcellini d'India,,,
Animali domestici,Ragni,,,
Animali domestici,Rettili,,,
Animali domestici,Roditori,,,
Animali domestici,Salamandre,,,
Animali domestici,Scimmie,,,
Animali domestici,Scorpioni,,,
Animali domestici,Serpenti,,,
Animali domestici,Sport,,,
Animali domestici,Tarantole,,,
Animali domestici,Tartarughe,,,
Animali domestici,Tempo libero,,,
Animali domestici,Topi,,,
Animali domestici,Tritone,,,
Animali domestici,Uccelli,,,
Arte,Castelli,,,
Arte,Mostre,,,
Arte,Mostre d'arte e di storia,,,
Arte,Musei,,,
Arte,Siti archeologici,,,
Arte,Visite guidate,,,
Artisti di strada,Acrobati,,,
Artisti di strada,Artista di strada,,,
Artisti di strada,Attori di strada,,,
Artisti di strada,Burattinai,,,
Artisti di strada,Cantastorie,,,
Artisti di strada,Clowns,,,
Artisti di strada,Contorsionisti,,,
Artisti di strada,Danzatori,,,
Artisti di strada,Dream painters,,,
Artisti di strada,Equilibristi,,,
Artisti di strada,Fachiri,,,
Artisti di strada,Festival e mostre,,,
Artisti di strada,Giocoleria,,,
Artisti di strada,Giocolieri,,,
Artisti di strada,Graffiti writer,,,
Artisti di strada,Madonnari,,,
Artisti di strada,Mangiafuoco,,,
Artisti di strada,Mimi,,,
Artisti di strada,Mimo,,,
Artisti di strada,Musicisti,,,
Artisti di strada,Musicisti di strada,,,
Artisti di strada,Onemanband,,,
Artisti di strada,Statua vivente,,,
Artisti di strada,Statue viventi,,,
Artisti di strada,Street-band,,,
Artisti di strada,Teatro di strada,,,
Artisti di strada,Trampoli,,,
Bambini,Acquari,,,
Bambini,Animazione per bambini,,,
Bambini,Arte,,,
Bambini,Astronomia,,,
Bambini,Centri estivi,,,
Bambini,Equitazione,,,
Bambini,Giochi,,,
Bambini,Lezioni,,,
Bambini,Ludoteche,,,
Bambini,Moda,,,
Bambini,Mostre,,,
Bambini,Museo,,,
Bambini,Musica,,,
Bambini,Nonni,,,
Bambini,Parchi,,,
Bambini,Parchi a tema,,,
Bambini,Parchi acquatici,,,
Bambini,Parchi avventura,,,
Bambini,Presentazioni,,,
Bambini,Scienza e tecnologia,,,
Bambini,Spazio giochi,,,
Bambini,Spettacolo,,,
Bambini,Sport,,,
Bambini,Teatro,,,
Bambini,Vacanze,,,
Bambini,Zoo,,,
Benessere,Alimentazione,,,
Benessere,Arti marziali,,,
Benessere,Centri benessere,,,
Benessere,Centri estetici,,,
Benessere,Cura dei capelli,,,
Benessere,Detox,,,
Benessere,Dieta,,,
Benessere,Frullati,,,
Benessere,Maschere viso,,,
Benessere,Massaggi,,,
Benessere,Meditazione,,,
Benessere,Musicoterapia,,,
Benessere,No stress,,,
Benessere,Palestre ,,,
Benessere,percorsi,,,
Benessere,Piscine,,,
Benessere,Salute digitale,,,
Benessere,Sistema immunitario,,,
Benessere,Smettere di fumare,,,
Benessere,Spa,,,
Benessere,Tempo libero,,,
Benessere,Terme,,,
Benessere,Yoga,,,
Business,Assicurazioni,,,
Business,Banche,,,
Business,Beni di consumo,,,
Business,Comunicazione,,,
Business,Conferenze,,,
Business,Congressi ,,,
Business,Energia e servizi,,,
Business,Farmaceutico,,,
Business,Finanza,,,
Business,Formazione,,,
Business,Immobiliare,,,
Business,Informatica,,,
Business,Infrastrutture,,,
Business,Innovazione,,,
Business,Lavoro,,,
Business,Legale,,,
Business,Manifatturiero,,,
Business,Marketing,,,
Business,Networking,,,
Business,Normative,,,
Business,Procurement & Supply Chain,,,
Business,Pubblica Amministrazione,,,
Business,Sanità ,,,
Business,Sicurezza,,,
Business,Tecnologie,,,
Business,Telecomunicazioni,,,
Business,Workshop,,,
Cinema,01 Distribution,,,
Cinema,20th Century Fox,,,
Cinema,Adler Entertainment,,,
Cinema,Animazione,,,
Cinema,Australia,,,
Cinema,Avventura,,,
Cinema,Azione,,,
Cinema,Balletto,,,
Cinema,Belgio,,,
Cinema,Biografici,,,
Cinema,Brasile,,,
Cinema,Canada,,,
Cinema,Colombia,,,
Cinema,Commedia,,,
Cinema,Commedie Nere,,,
Cinema,Corea Del Sud,,,
Cinema,Danimarca,,,
Cinema,Documentari,,,
Cinema,Drammatici,,,
Cinema,Eagle Pictures,,,
Cinema,Fantascienza,,,
Cinema,Fantastici,,,
Cinema,Fantasy,,,
Cinema,Francia,,,
Cinema,Germania,,,
Cinema,Giappone,,,
Cinema,Gran Bretagna,,,
Cinema,Grecia,,,
Cinema,Horror,,,
Cinema,I Wonder Pictures,,,
Cinema,Italia,,,
Cinema,Koch Media,,,
Cinema,Leone Film Group,,,
Cinema,Lucky Red,,,
Cinema,Lussemburgo,,,
Cinema,M2 Pictures,,,
Cinema,Medusa,,,
Cinema,Musical,,,
Cinema,Nexo Digital,,,
Cinema,Notorious Pictures,,,
Cinema,Opera Drammatica,,,
Cinema,Paesi Bassi,,,
Cinema,Romania,,,
Cinema,Russia,,,
Cinema,Spagna,,,
Cinema,Sun Film Group,,,
Cinema,Tailandia,,,
Cinema,Thriller,,,
Cinema,Universal Pictures,,,
Cinema,Usa,,,
Cinema,Videa - CDE,,,
Cinema,Vision Distribution,,,
Cinema,Walt Disney,,,
Cinema,Warner Bros Italia,,,
Cinema,Western,,,
Corsi,Arte,,,
Corsi,Corso,,,
Corsi,Hobby,,,
Corsi,Incontro,,,
Corsi,Moda,,,
Divertimento,Bar,,,
Divertimento,Discobar,,,
Divertimento,Discoteche,,,
Divertimento,Enoteche,,,
Divertimento,Happy hour,,,
Divertimento,Karaoke,,,
Divertimento,Musica dal vivo,,,
Divertimento,Parchi divertimento,,,
Libri,Aforisma,,,
Libri,Apologia,,,
Libri,Ballata,,,
Libri,Biografia,,,
Libri,Calligramma,,,
Libri,Canzone,,,
Libri,Capitolo,,,
Libri,Carme,,,
Libri,Centone,,,
Libri,Commedia,,,
Libri,Dialogo,,,
Libri,Diario,,,
Libri,Didascalica,,,
Libri,Eloquenza,,,
Libri,Emblematica,,,
Libri,Epica,,,
Libri,Epistolare,,,
Libri,Erotico,,,
Libri,Fantapolitica,,,
Libri,Fantascienza,,,
Libri,Fantasy,,,
Libri,Farsa,,,
Libri,Favola,,,
Libri,Fiaba,,,
Libri,Giallo,,,
Libri,Gotico,,,
Libri,Ilarodia,,,
Libri,Lauda,,,
Libri,Lirica,,,
Libri,Madrigale,,,
Libri,Magodia,,,
Libri,Manifesto,,,
Libri,Mimiambo,,,
Libri,Mimo lirico,,,
Libri,Mimo prosastico,,,
Libri,Musical,,,
Libri,Narrativa,,,
Libri,Ode,,,
Libri,Opera,,,
Libri,Opera buffa,,,
Libri,Opera seria,,,
Libri,Operetta,,,
Libri,Opuscolo,,,
Libri,Parabola,,,
Libri,Poemetto lirico,,,
Libri,Poesia,,,
Libri,Poesia bucolica,,,
Libri,Preghiera,,,
Libri,Prosa,,,
Libri,Psicologico,,,
Libri,Racconto,,,
Libri,Romanzo,,,
Libri,Romanzo,,,
Libri,Rosa,,,
Libri,Saggio,,,
Libri,Satira,,,
Libri,Sociale,,,
Libri,Sonetto,,,
Libri,Storico,,,
Libri,Storiografia,,,
Libri,Teatro,,,
Libri,Teatro di musica,,,
Libri,Teatro di prosa,,,
Libri,Tragedia ,,,
Libri,Trattato,,,
Libri,Umoristico,,,
Libri,Verso libero,,,
Mercati rionali,Mercati rionali,,,
Moda,Moda femminile,,,
Moda,Moda maschile,,,
Moda,Sfilate,,,
Musica,Acid jazz,,,
Musica,Alternative,,,
Musica,Altri eventi musicali,,,
Musica,Ambient,,,
Musica,Anni '70,,,
Musica,Anni '80,,,
Musica,Anni '90,,,
Musica,Bachata,,,
Musica,Ballate,,,
Musica,Black Metal,,,
Musica,Blues,,,
Musica,Bossa nova,,,
Musica,Chanson francese,,,
Musica,Chemical Beat,,,
Musica,Chillout,,,
Musica,Classic rock,,,
Musica,Classica,,,
Musica,Concerti,,,
Musica,Country,,,
Musica,Crossover,,,
Musica,Dark,,,
Musica,Death Metal,,,
Musica,Disco,,,
Musica,Discofox,,,
Musica,Drum and bass,,,
Musica,Dub,,,
Musica,Easy listening,,,
Musica,Electro,,,
Musica,Epic Metal,,,
Musica,Fado,,,
Musica,Festival,,,
Musica,Film e Musical,,,
Musica,Folk,,,
Musica,Forró,,,
Musica,Funky,,,
Musica,Glam Rock,,,
Musica,Gospel,,,
Musica,Grunge,,,
Musica,Hard Core,,,
Musica,Hard House,,,
Musica,Hard rock,,,
Musica,Heavy metal,,,
Musica,Hip hop,,,
Musica,Hip-Hop,,,
Musica,Hits,,,
Musica,House,,,
Musica,Indie,,,
Musica,Industrial,,,
Musica,Jazz,,,
Musica,Jungle,,,
Musica,Kizomba,,,
Musica,Latina,,,
Musica,Liscio,,,
Musica,Medievale,,,
Musica,Merengue,,,
Musica,Metal,,,
Musica,Metalprogressive,,,
Musica,Minimal,,,
Musica,Motown,,,
Musica,Musica africana,,,
Musica,Musica asiatica,,,
Musica,Musica classica,,,
Musica,Musica cristiana,,,
Musica,Musica dance,,,
Musica,Musica gotica,,,
Musica,Musica islamica,,,
Musica,Musica orientale,,,
Musica,Musica popolare tedesca,,,
Musica,Musica tradizionale,,,
Musica,New-Wave,,,
Musica,Noise,,,
Musica,Notizie-Talk,,,
Musica,Oldies,,,
Musica,Pizzica,,,
Musica,Podcast,,,
Musica,Pop,,,
Musica,Pop italiano,,,
Musica,Progressive,,,
Musica,Psichedelia,,,
Musica,Punk,,,
Musica,Punk Rock,,,
Musica,R&B,,,
Musica,Rap,,,
Musica,Reggae,,,
Musica,Reggaeton,,,
Musica,Revival,,,
Musica,Rock,,,
Musica,Rock'n'roll,,,
Musica,Rockprogressive,,,
Musica,Salsa,,,
Musica,Samba,,,
Musica,Schlager,,,
Musica,Sertanejo,,,
Musica,Ska,,,
Musica,Soul,,,
Musica,Strumentale,,,
Musica,Swing,,,
Musica,Tammurriata,,,
Musica,Tarantella calabrese,,,
Musica,Tarantella siciliana,,,
Musica,Techno,,,
Musica,Thrash,,,
Musica,Trance,,,
Musica,Underground,,,
Musica,Urban,,,
Musica,World music,,,
Musica,Zouk e Tropicale,,,
Onlus,Ambiente,,,
Onlus,Arte,,,
Onlus,Assistenza sanitaria,,,
Onlus,Assistenza sociale,,,
Onlus,Associazione,,,
Onlus,Azione sociale,,,
Onlus,Beneficenza,,,
Onlus,Beni culturali,,,
Onlus,Cinque per mille,,,
Onlus,Comitato,,,
Onlus,Comunità,,,
Onlus,Consorzi,,,
Onlus,Cooperativa,,,
Onlus,Cooperativa sociale,,,
Onlus,Cultura,,,
Onlus,Cultura,,,
Onlus,Donazioni,,,
Onlus,Enti ecclesiastici,,,
Onlus,Fondazione,,,
Onlus,Formazione,,,
Onlus,Istruzione,,,
Onlus,Non profit,,,
Onlus,Ricerca scientifica,,,
Onlus,Situazioni di emergenza,,,
Onlus,Socio sanitaria,,,
Onlus,Solidarietà,,,
Onlus,Sport dilettantistico,,,
Onlus,Tutela dei diritti civili,,,
Onlus,Tutela dell'ambiente,,,
Onlus,Valorizzazione,,,
Onlus,Volontariato,,,
Ricorrenze,Autunno,,,
Ricorrenze,Capodanno,,,
Ricorrenze,Carnevale,,,
Ricorrenze,Epifania,,,
Ricorrenze,Estate,,,
Ricorrenze,Ferragosto,,,
Ricorrenze,Festa dei Nonni,,,
Ricorrenze,Festa dei Single,,,
Ricorrenze,Festa del lavoro,,,
Ricorrenze,Festa del Papa',,,
Ricorrenze,Festa della Birra,,,
Ricorrenze,Festa della Donna,,,
Ricorrenze,Festa della Mamma,,,
Ricorrenze,Giornata dei Baci,,,
Ricorrenze,Giornata dei Cani,,,
Ricorrenze,Giornata del Sole,,,
Ricorrenze,Giornata del sorriso,,,
Ricorrenze,Giornata della Coppia,,,
Ricorrenze,Giornata dell'Africa,,,
Ricorrenze,Giornata internazionale della Famiglia,,,
Ricorrenze,Giornata Internazionale della Montagna,,,
Ricorrenze,Giornata Internazionale della Pace,,,
Ricorrenze,Giornata Internazionale della Solidarieta',,,
Ricorrenze,Giornata Internazionale della Terza Eta',,,
Ricorrenze,Giornata Mondiale degli insegnanti,,,
Ricorrenze,Giornata mondiale degli Oceani,,,
Ricorrenze,Giornata mondiale del Gatto,,,
Ricorrenze,Giornata Mondiale della Gioventu',,,
Ricorrenze,Giornata Mondiale della Meteorologia,,,
Ricorrenze,Giornata mondiale della Poesia,,,
Ricorrenze,Giornata Mondiale della Salute,,,
Ricorrenze,Giornata Mondiale della Televisione,,,
Ricorrenze,Giornata Mondiale della Terra,,,
Ricorrenze,Giornata mondiale dell'Amicizia,,,
Ricorrenze,Giornata Mondiale senza Tabacco,,,
Ricorrenze,Giornata nazionale della Bicicletta,,,
Ricorrenze,Giorno degli Angeli Custodi,,,
Ricorrenze,Giorno degli Automobilisti,,,
Ricorrenze,Giorno degli Zii,,,
Ricorrenze,Giorno dei fratelli e delle sorelle,,,
Ricorrenze,Giorno dei Motociclisti,,,
Ricorrenze,Giorno del Caffe',,,
Ricorrenze,Giorno della Candelora,,,
Ricorrenze,Giorno della Castagna,,,
Ricorrenze,Giorno della Cioccolata,,,
Ricorrenze,Giorno della Luna,,,
Ricorrenze,Giorno della Pizza,,,
Ricorrenze,Giorno della Segretaria,,,
Ricorrenze,Giorno delle Casalinghe,,,
Ricorrenze,Halloween,,,
Ricorrenze,Inverno,,,
Ricorrenze,Natale,,,
Ricorrenze,Notte delle Stelle cadenti,,,
Ricorrenze,Notte Rosa,,,
Ricorrenze,Pasqua,,,
Ricorrenze,Pesce d'Aprile,,,
Ricorrenze,Primavera,,,
Ricorrenze,Saldi Estivi,,,
Ricorrenze,Saldi Invernali,,,
Ricorrenze,San Patrizio,,,
Ricorrenze,San Valentino,,,
Ristoranti,Africano,,,
Ristoranti,Americano,,,
Ristoranti,Arabo,,,
Ristoranti,Argentino,,,
Ristoranti,Bavarese,,,
Ristoranti,Brasiliano,,,
Ristoranti,Cinese,,,
Ristoranti,Cubano,,,
Ristoranti,Francese,,,
Ristoranti,Giapponese,,,
Ristoranti,Greco,,,
Ristoranti,Indiano,,,
Ristoranti,Internazionale,,,
Ristoranti,Italiano,,,
Ristoranti,Libanese,,,
Ristoranti,Mediorientale,,,
Ristoranti,Mediterraneo,,,
Ristoranti,Messicano,,,
Ristoranti,Orientale,,,
Ristoranti,Pizzeria,,,
Ristoranti,Russo,,,
Ristoranti,Spagnolo,,,
Ristoranti,Tex-Mex,,,
Ristoranti,Thailandese,,,
Ristoranti,Vietnamita,,,
Sagre e fiere,Altri eventi fieristici,,,
Sagre e fiere,Artigianato ,,,
Sagre e fiere,Auto e moto,,,
Sagre e fiere,Biologico,,,
Sagre e fiere,Ceramica ,,,
Sagre e fiere,Circo,,,
Sagre e fiere,Elettronica ,,,
Sagre e fiere,Fiere,,,
Sagre e fiere,Fotografia,,,
Sagre e fiere,Fumettistica ,,,
Sagre e fiere,Manifestazioni,,,
Sagre e fiere,Mercatini,,,
Sagre e fiere,Mobili e arredamento,,,
Sagre e fiere,Moda,,,
Sagre e fiere,Nautica ,,,
Sagre e fiere,Sagre,,,
Sagre e fiere,Videogiochi ,,,
Spiritualità,Animismo ,,,
Spiritualità,Ascesi,,,
Spiritualità,Ateismo,,,
Spiritualità,Bahai ,,,
Spiritualità,Bantu ,,,
Spiritualità,Buddhismo ,,,
Spiritualità,Bwiti ,,,
Spiritualità,Candomblé ,,,
Spiritualità,Caodaismo ,,,
Spiritualità,Ceondoismo ,,,
Spiritualità,Chiese,,,
Spiritualità,Comportamento,,,
Spiritualità,Confucianesimo ,,,
Spiritualità,Conoscenza,,,
Spiritualità,Creatività,,,
Spiritualità,Cristianesimo,,,
Spiritualità,Cristianesimo ,,,
Spiritualità,Culti aborigeni australiani,,,
Spiritualità,Culti malgasci ,,,
Spiritualità,Culto degli antenati,,,
Spiritualità,Danza degli spiriti ,,,
Spiritualità,Dievturiba ,,,
Spiritualità,Dongba ,,,
Spiritualità,Drusismo,,,
Spiritualità,Ebraismo,,,
Spiritualità,Ebraismo ,,,
Spiritualità,Eckankar,,,
Spiritualità,Felicità,,,
Spiritualità,Filosofia,,,
Spiritualità,Futuro,,,
Spiritualità,Giainismo ,,,
Spiritualità,Hetanesimo,,,
Spiritualità,Ikuantao ,,,
Spiritualità,Induismo ,,,
Spiritualità,Inuit ,,,
Spiritualità,Islam,,,
Spiritualità,Juju,,,
Spiritualità,Libertà,,,
Spiritualità,Mandeismo ,,,
Spiritualità,Manicheismo,,,
Spiritualità,Manituismo ,,,
Spiritualità,Marla ,,,
Spiritualità,Masai ,,,
Spiritualità,Maya,,,
Spiritualità,Meditazione,,,
Spiritualità,Metafisica,,,
Spiritualità,Midewiwin ,,,
Spiritualità,Mistica,,,
Spiritualità,Misticismo,,,
Spiritualità,Mitologia hawaiana ,,,
Spiritualità,Morale,,,
Spiritualità,Morte,,,
Spiritualità,Musica,,,
Spiritualità,New Age ,,,
Spiritualità,Obeah ,,,
Spiritualità,Occulto,,,
Spiritualità,Odinani ,,,
Spiritualità,Orario messe,,,
Spiritualità,Palo ,,,
Spiritualità,Pastafarianesimo ,,,
Spiritualità,Peccato,,,
Spiritualità,Peyotismo ,,,
Spiritualità,Pluralismo religioso,,,
Spiritualità,Poesia,,,
Spiritualità,Psicologia,,,
Spiritualità,Raelismo,,,
Spiritualità,Ragione,,,
Spiritualità,Rastafarianesimo,,,
Spiritualità,Religione,,,
Spiritualità,Religione delle Ryūkyū,,,
Spiritualità,Religione popolare cinese,,,
Spiritualità,Romuva ,,,
Spiritualità,Saggezza,,,
Spiritualità,Salute,,,
Spiritualità,Samaritanesimo ,,,
Spiritualità,Sami ,,,
Spiritualità,Santeria,,,
Spiritualità,Sarvadharma,,,
Spiritualità,Satanismo ,,,
Spiritualità,Sciamanesimo coreano,,,
Spiritualità,Sciamanesimo ,,,
Spiritualità,Scientology ,,,
Spiritualità,Scienza,,,
Spiritualità,Shintoismo ,,,
Spiritualità,Sikhismo,,,
Spiritualità,Spiritualismo,,,
Spiritualità,Storia,,,
Spiritualità,Taoismo ,,,
Spiritualità,Tengrismo ,,,
Spiritualità,Tenrikyo ,,,
Spiritualità,Teologia,,,
Spiritualità,Thelema ,,,
Spiritualità,Totemismo ,,,
Spiritualità,Unitariani universalisti ,,,
Spiritualità,Via romana agli dei ,,,
Spiritualità,Vudù ,,,
Spiritualità,Wicca ,,,
Spiritualità,Yazdanesimo ,,,
Spiritualità,Yoruba ,,,
Spiritualità,Zoroastrismo ,,,
Sport,Altri eventi sportivi,,,
Sport,Atletica leggera,,,
Sport,Automobilismo,,,
Sport,Baseball,,,
Sport,Calcio,,,
Sport,Ciclismo,,,
Sport,Fitness,,,
Sport,Hockey,,,
Sport,Lacrosse,,,
Sport,Motociclismo,,,
Sport,Pallacanestro,,,
Sport,Pallamano,,,
Sport,Pallanuoto,,,
Sport,Pallavolo,,,
Sport,Pugilato,,,
Sport,Rugby,,,
Sport,Tennis,,,
Teatro,Altri eventi teatrali,,,
Teatro,Balletto classico e moderno,,,
Teatro,Cabaret,,,
Teatro,Concerti di musica classica,,,
Teatro,Musical e varietà,,,
Teatro,Operetta,,,
Teatro,Prosa,,,
Teatro,Spettacolo,,,
Teatro,Teatro lirico,,,
Turismo,Africa,,,
Turismo,America,,,
Turismo,America del nord,,,
Turismo,America del sud,,,
Turismo,Antartide,,,
Turismo,Asia,,,
Turismo,Città da visitare,,,
Turismo,Escursioni,,,
Turismo,Europa,,,
Turismo,Intorno a me,,,
Turismo,Natura,,,
Turismo,Oceania,,,
Turismo,Parchi a tema,,,
Turismo,Turist info,,,
Turismo,Viaggi,,,
