Area;Categoria;Concatena categoria;,,
Artista o personaggio pubblico;Allenatore;Artista o personaggio pubblico > Allenatore;,,
Artista o personaggio pubblico;Attore;Artista o personaggio pubblico > Attore;,,
Artista o personaggio pubblico;Animale domestico;Artista o personaggio pubblico > Animale domestico;,,
Artista o personaggio pubblico;Artista;Artista o personaggio pubblico > Artista;,,
Artista o personaggio pubblico;Artista di strada;Artista o personaggio pubblico > Artista di strada;,,
Artista o personaggio pubblico;Atleta;Artista o personaggio pubblico > Atleta;,,
Artista o personaggio pubblico;Regista;Artista o personaggio pubblico > Regista;,,
Artista o personaggio pubblico;Autore;Artista o personaggio pubblico > Autore;,,
Artista o personaggio pubblico;Ballerino;Artista o personaggio pubblico > Ballerino;,,
Artista o personaggio pubblico;Blogger;Artista o personaggio pubblico > Blogger;,,
Artista o personaggio pubblico;Chef;Artista o personaggio pubblico > Chef;,,
Artista o personaggio pubblico;Comico;Artista o personaggio pubblico > Comico;,,
Artista o personaggio pubblico;Designer;Artista o personaggio pubblico > Designer;,,
Artista o personaggio pubblico;Fotografo;Artista o personaggio pubblico > Fotografo;,,
Artista o personaggio pubblico;Funzionario di governo;Artista o personaggio pubblico > Funzionario di governo;,,
Artista o personaggio pubblico;Giornalista;Artista o personaggio pubblico > Giornalista;,,
Artista o personaggio pubblico;Giornalista televisivo;Artista o personaggio pubblico > Giornalista televisivo;,,
Artista o personaggio pubblico;Imprenditore;Artista o personaggio pubblico > Imprenditore;,,
Artista o personaggio pubblico;Insegnante;Artista o personaggio pubblico > Insegnante;,,
Artista o personaggio pubblico;Musicista/gruppo musicale;Artista o personaggio pubblico > Musicista/gruppo musicale;,,
Artista o personaggio pubblico;Personaggio di un film;Artista o personaggio pubblico > Personaggio di un film;,,
Artista o personaggio pubblico;Personaggio inventato;Artista o personaggio pubblico > Personaggio inventato;,,
Artista o personaggio pubblico;Personaggio pubblico;Artista o personaggio pubblico > Personaggio pubblico;,,
Artista o personaggio pubblico;Politico;Artista o personaggio pubblico > Politico;,,
Artista o personaggio pubblico;Presentatore;Artista o personaggio pubblico > Presentatore;,,
Artista o personaggio pubblico;Produttore;Artista o personaggio pubblico > Produttore;,,
Artista o personaggio pubblico;Scientist;Artista o personaggio pubblico > Scientist;,,
Artista o personaggio pubblico;Scrittore;Artista o personaggio pubblico > Scrittore;,,
Artista o personaggio pubblico;Uomo/donna d'affari;Artista o personaggio pubblico > Uomo/donna d'affari;,,
Aziende;Abbigliamento;Aziende > Abbigliamento;,,
Aziende;Adesivi e sigillanti;Aziende > Adesivi e sigillanti;,,
Aziende;Alcolici;Aziende > Alcolici;,,
Aziende;Alimentari;Aziende > Alimentari;,,
Aziende;Altro;Aziende > Altro;,,
Aziende;Arti grafiche;Aziende > Arti grafiche;,,
Aziende;Articoli da regalo;Aziende > Articoli da regalo;,,
Aziende;Attrezzature alberghiere;Aziende > Attrezzature alberghiere;,,
Aziende;Attrezzature e materiali medico-ospedalieri;Aziende > Attrezzature e materiali medico-ospedalieri;,,
Aziende;Audiovisivi;Aziende > Audiovisivi;,,
Aziende;Calzaturifici;Aziende > Calzaturifici;,,
Aziende;Camere di Commercio;Aziende > Camere di Commercio;,,
Aziende;Carpenteria meccanica e metallica;Aziende > Carpenteria meccanica e metallica;,,
Aziende;Cartiera;Aziende > Cartiera;,,
Aziende;Cartotecnica;Aziende > Cartotecnica;,,
Aziende;Centri commerciali;Aziende > Centri commerciali;,,
Aziende;Ceramiche e porcellane;Aziende > Ceramiche e porcellane;,,
Aziende;Chimica;Aziende > Chimica;,,
Aziende;Commercio;Aziende > Commercio;,,
Aziende;Consulenze e servizi alle imprese;Aziende > Consulenze e servizi alle imprese;,,
Aziende;Discoteche e locali notturni;Aziende > Discoteche e locali notturni;,,
Aziende;Distributori automatici;Aziende > Distributori automatici;,,
Aziende;Dolciumi;Aziende > Dolciumi;,,
Aziende;Ecologia e Concimi Naturali;Aziende > Ecologia e Concimi Naturali;,,
Aziende;Editoria;Aziende > Editoria;,,
Aziende;Elettrodomestici;Aziende > Elettrodomestici;,,
Aziende;Elettronica;Aziende > Elettronica;,,
Aziende;Emittenti radio-televisive;Aziende > Emittenti radio-televisive;,,
Aziende;Energia e petrolio;Aziende > Energia e petrolio;,,
Aziende;Energia e servizi per l'efficienza energetica;Aziende > Energia e servizi per l'efficienza energetica;,,
Aziende;Erboristeria e prodotti naturali;Aziende > Erboristeria e prodotti naturali;,,
Aziende;Estetica e parrucchieri;Aziende > Estetica e parrucchieri;,,
Aziende;Etichette autoadesive e stampate;Aziende > Etichette autoadesive e stampate;,,
Aziende;Farmaceutica;Aziende > Farmaceutica;,,
Aziende;Grigliati;Aziende > Grigliati;,,
Aziende;Imballaggi;Aziende > Imballaggi;,,
Aziende;Impianti industriali e tecnologici;Aziende > Impianti industriali e tecnologici;,,
Aziende;Import-Export;Aziende > Import-Export;,,
Aziende;Industria;Aziende > Industria;,,
Aziende;Insegne,produzione e commercio;Aziende > Insegne,produzione e commercio;
Aziende;Lamiere,lavorazione;Aziende > Lamiere,lavorazione;
Aziende;Lavorazione metalli;Aziende > Lavorazione metalli;,,
Aziende;Macchine e servizi per l’igiene ambientale;Aziende > Macchine e servizi per l’igiene ambientale;,,
Aziende;Macchine per imballaggi;Aziende > Macchine per imballaggi;,,
Aziende;Macchine per industria;Aziende > Macchine per industria;,,
Aziende;Macchine per lavorazione legno;Aziende > Macchine per lavorazione legno;,,
Aziende;Macchine per lavorazione marmo e granito;Aziende > Macchine per lavorazione marmo e granito;,,
Aziende;Macchine per movimento terra;Aziende > Macchine per movimento terra;,,
Aziende;Macchine per settore ottico;Aziende > Macchine per settore ottico;,,
Aziende;Macchine utensili;Aziende > Macchine utensili;,,
Aziende;Marketing e ricerche di mercato;Aziende > Marketing e ricerche di mercato;,,
Aziende;Materie plastiche e gomma;Aziende > Materie plastiche e gomma;,,
Aziende;Meccanica;Aziende > Meccanica;,,
Aziende;Meccanica di precisione;Aziende > Meccanica di precisione;,,
Aziende;Moduli continui;Aziende > Moduli continui;,,
Aziende;Occhiali;Aziende > Occhiali;,,
Aziende;Oreficeria;Aziende > Oreficeria;,,
Aziende;Orologi;Aziende > Orologi;,,
Aziende;Parrucchieri;Aziende > Parrucchieri;,,
Aziende;Profumeria e cosmetica;Aziende > Profumeria e cosmetica;,,
Aziende;Pubblicità e media;Aziende > Pubblicità e media;,,
Aziende;Scatole e cartonaggi;Aziende > Scatole e cartonaggi;,,
Aziende;Serigrafie;Aziende > Serigrafie;,,
Aziende;Smaltimento e gestione rifiuti;Aziende > Smaltimento e gestione rifiuti;,,
Aziende;Software house;Aziende > Software house;,,
Aziende;Stampa;Aziende > Stampa;,,
Aziende;Supermercati;Aziende > Supermercati;,,
Aziende;Tabacchi;Aziende > Tabacchi;,,
Aziende;Telecomunicazioni;Aziende > Telecomunicazioni;,,
Aziende;Tipografie - Litografie;Aziende > Tipografie - Litografie;,,
Aziende;Tornerie;Aziende > Tornerie;,,
Aziende;Tour operators;Aziende > Tour operators;,,
Aziende;Traduzioni e interpretariato;Aziende > Traduzioni e interpretariato;,,
Aziende;Ufficio;Aziende > Ufficio;,,
Info / utilità;Arredamento e servizi;Info / utilità > Arredamento e servizi;,,
Info / utilità;Costruzioni;Info / utilità > Costruzioni;,,
Info / utilità;Alberghi;Info / utilità > Alberghi;,,
Info / utilità;Altro;Info / utilità > Altro;,,
Info / utilità;Attività sportive;Info / utilità > Attività sportive;,,
Info / utilità;Attrazioni;Info / utilità > Attrazioni;,,
Info / utilità;Bar;Info / utilità > Bar;,,
Info / utilità;Bar - Gelaterie - Pasticcerie;Info / utilità > Bar - Gelaterie - Pasticcerie;,,
Info / utilità;Biblioteche;Info / utilità > Biblioteche;,,
Info / utilità;Castelli;Info / utilità > Castelli;,,
Info / utilità;Centri sportivi;Info / utilità > Centri sportivi;,,
Info / utilità;Centri storici;Info / utilità > Centri storici;,,
Info / utilità;Centri turistici;Info / utilità > Centri turistici;,,
Info / utilità;Chiese;Info / utilità > Chiese;,,
Info / utilità;Cimiteri;Info / utilità > Cimiteri;,,
Info / utilità;Città - Paese;Info / utilità > Città - Paese;,,
Info / utilità;Discoteche;Info / utilità > Discoteche;,,
Info / utilità;Enoteche;Info / utilità > Enoteche;,,
Info / utilità;Forze dell'ordine;Info / utilità > Forze dell'ordine;,,
Info / utilità;Gelaterie;Info / utilità > Gelaterie;,,
Info / utilità;Giochi;Info / utilità > Giochi;,,
Info / utilità;Istituzioni;Info / utilità > Istituzioni;,,
Info / utilità;Locali notturni;Info / utilità > Locali notturni;,,
Info / utilità;Mercati;Info / utilità > Mercati;,,
Info / utilità;Mercati rionali;Info / utilità > Mercati rionali;,,
Info / utilità;Monumenti;Info / utilità > Monumenti;,,
Info / utilità;Musei;Info / utilità > Musei;,,
Info / utilità;Organizzazione;Info / utilità > Organizzazione;,,
Info / utilità;Organizzazione comunitaria;Info / utilità > Organizzazione comunitaria;,,
Info / utilità;Organizzazione governativa;Info / utilità > Organizzazione governativa;,,
Info / utilità;Organizzazione no profit;Info / utilità > Organizzazione no profit;,,
Info / utilità;Organizzazione non governativa (ONG);Info / utilità > Organizzazione non governativa (ONG);,,
Info / utilità;Organizzazione politica;Info / utilità > Organizzazione politica;,,
Info / utilità;Paesaggio;Info / utilità > Paesaggio;,,
Info / utilità;Palestre;Info / utilità > Palestre;,,
Info / utilità;Panetterie;Info / utilità > Panetterie;,,
Info / utilità;Parcheggi;Info / utilità > Parcheggi;,,
Info / utilità;Parchi divertimento;Info / utilità > Parchi divertimento;,,
Info / utilità;Parchi;Info / utilità > Parchi;,,
Info / utilità;Partito politico;Info / utilità > Partito politico;,,
Info / utilità;Pasticcerie;Info / utilità > Pasticcerie;,,
Info / utilità;Residence e appartamenti;Info / utilità > Residence e appartamenti;,,
Info / utilità;Ristoranti - Pizzerie;Info / utilità > Ristoranti - Pizzerie;,,
Info / utilità;Ristorazione;Info / utilità > Ristorazione;,,
Info / utilità;Sicurezza;Info / utilità > Sicurezza;,,
Info / utilità;Taxi;Info / utilità > Taxi;,,
Info / utilità;Trasporto persone;Info / utilità > Trasporto persone;,,
Info / utilità;Trattorie;Info / utilità > Trattorie;,,
Info / utilità;Università;Info / utilità > Università;,,
Info / utilità;Viaggi e turismo;Info / utilità > Viaggi e turismo;,,
Prodotto / intrattenimento;Abbigliamento;Prodotto / intrattenimento > Abbigliamento;,,
Prodotto / intrattenimento;Album;Prodotto / intrattenimento > Album;,,
Prodotto / intrattenimento;Animazione teatrale;Prodotto / intrattenimento > Animazione teatrale;,,
Prodotto / intrattenimento;Arredamento;Prodotto / intrattenimento > Arredamento;,,
Prodotto / intrattenimento;Arredi commerciali;Prodotto / intrattenimento > Arredi commerciali;,,
Prodotto / intrattenimento;Articoli da ufficio;Prodotto / intrattenimento > Articoli da ufficio;,,
Prodotto / intrattenimento;Articoli per animali;Prodotto / intrattenimento > Articoli per animali;,,
Prodotto / intrattenimento;Articoli per bambini;Prodotto / intrattenimento > Articoli per bambini;,,
Prodotto / intrattenimento;Atellana;Prodotto / intrattenimento > Atellana;,,
Prodotto / intrattenimento;Automobili;Prodotto / intrattenimento > Automobili;,,
Prodotto / intrattenimento;Balletto;Prodotto / intrattenimento > Balletto;,,
Prodotto / intrattenimento;Borse/valigie;Prodotto / intrattenimento > Borse/valigie;,,
Prodotto / intrattenimento;Bunraku;Prodotto / intrattenimento > Bunraku;,,
Prodotto / intrattenimento;Burlesque;Prodotto / intrattenimento > Burlesque;,,
Prodotto / intrattenimento;Butoh;Prodotto / intrattenimento > Butoh;,,
Prodotto / intrattenimento;Cabaret;Prodotto / intrattenimento > Cabaret;,,
Prodotto / intrattenimento;Café-chantant;Prodotto / intrattenimento > Café-chantant;,,
Prodotto / intrattenimento;Campionato sportivo;Prodotto / intrattenimento > Campionato sportivo;,,
Prodotto / intrattenimento;Canali TV;Prodotto / intrattenimento > Canali TV;,,
Prodotto / intrattenimento;Canzone;Prodotto / intrattenimento > Canzone;,,
Prodotto / intrattenimento;Cibi/bevande;Prodotto / intrattenimento > Cibi/bevande;,,
Prodotto / intrattenimento;Cinema;Prodotto / intrattenimento > Cinema;,,
Prodotto / intrattenimento;Cinema e teatri;Prodotto / intrattenimento > Cinema e teatri;,,
Prodotto / intrattenimento;Classifica musicale;Prodotto / intrattenimento > Classifica musicale;,,
Prodotto / intrattenimento;Closet drama;Prodotto / intrattenimento > Closet drama;,,
Prodotto / intrattenimento;Collana di libri;Prodotto / intrattenimento > Collana di libri;,,
Prodotto / intrattenimento;Commedia;Prodotto / intrattenimento > Commedia;,,
Prodotto / intrattenimento;Commedia degli errori;Prodotto / intrattenimento > Commedia degli errori;,,
Prodotto / intrattenimento;Commedia dell'Arte;Prodotto / intrattenimento > Commedia dell'Arte;,,
Prodotto / intrattenimento;Commedia di carattere;Prodotto / intrattenimento > Commedia di carattere;,,
Prodotto / intrattenimento;Commedia di costume;Prodotto / intrattenimento > Commedia di costume;,,
Prodotto / intrattenimento;Commedia greca;Prodotto / intrattenimento > Commedia greca;,,
Prodotto / intrattenimento;Commedia musicale;Prodotto / intrattenimento > Commedia musicale;,,
Prodotto / intrattenimento;Commedia Ridicolosa;Prodotto / intrattenimento > Commedia Ridicolosa;,,
Prodotto / intrattenimento;Commedia romantica;Prodotto / intrattenimento > Commedia romantica;,,
Prodotto / intrattenimento;Computer;Prodotto / intrattenimento > Computer;,,
Prodotto / intrattenimento;Concerti;Prodotto / intrattenimento > Concerti;,,
Prodotto / intrattenimento;Cucina;Prodotto / intrattenimento > Cucina;,,
Prodotto / intrattenimento;Decorazione interni;Prodotto / intrattenimento > Decorazione interni;,,
Prodotto / intrattenimento;Dramma antico;Prodotto / intrattenimento > Dramma antico;,,
Prodotto / intrattenimento;Dramma borghese;Prodotto / intrattenimento > Dramma borghese;,,
Prodotto / intrattenimento;Dramma liturgico;Prodotto / intrattenimento > Dramma liturgico;,,
Prodotto / intrattenimento;Elettrodomestici;Prodotto / intrattenimento > Elettrodomestici;,,
Prodotto / intrattenimento;Elettronica;Prodotto / intrattenimento > Elettronica;,,
Prodotto / intrattenimento;Etichetta discografica;Prodotto / intrattenimento > Etichetta discografica;,,
Prodotto / intrattenimento;Farmaci;Prodotto / intrattenimento > Farmaci;,,
Prodotto / intrattenimento;Farsa;Prodotto / intrattenimento > Farsa;,,
Prodotto / intrattenimento;Fescennini;Prodotto / intrattenimento > Fescennini;,,
Prodotto / intrattenimento;Feste;Prodotto / intrattenimento > Feste;,,
Prodotto / intrattenimento;Fiere;Prodotto / intrattenimento > Fiere;,,
Prodotto / intrattenimento;Film;Prodotto / intrattenimento > Film;,,
Prodotto / intrattenimento;Film Animazione;Prodotto / intrattenimento > Film Animazione;,,
Prodotto / intrattenimento;Film Avventura;Prodotto / intrattenimento > Film Avventura;,,
Prodotto / intrattenimento;Film Biografico;Prodotto / intrattenimento > Film Biografico;,,
Prodotto / intrattenimento;Film Commedia;Prodotto / intrattenimento > Film Commedia;,,
Prodotto / intrattenimento;Film Documentario;Prodotto / intrattenimento > Film Documentario;,,
Prodotto / intrattenimento;Film Drammatico;Prodotto / intrattenimento > Film Drammatico;,,
Prodotto / intrattenimento;Film Erotico;Prodotto / intrattenimento > Film Erotico;,,
Prodotto / intrattenimento;Film Fantascienza;Prodotto / intrattenimento > Film Fantascienza;,,
Prodotto / intrattenimento;Film Fantasy/Fantastico;Prodotto / intrattenimento > Film Fantasy/Fantastico;,,
Prodotto / intrattenimento;Film Guerra;Prodotto / intrattenimento > Film Guerra;,,
Prodotto / intrattenimento;Film Horror;Prodotto / intrattenimento > Film Horror;,,
Prodotto / intrattenimento;Film Musicale;Prodotto / intrattenimento > Film Musicale;,,
Prodotto / intrattenimento;Film Storico;Prodotto / intrattenimento > Film Storico;,,
Prodotto / intrattenimento;Film Thriller;Prodotto / intrattenimento > Film Thriller;,,
Prodotto / intrattenimento;Film Western;Prodotto / intrattenimento > Film Western;,,
Prodotto / intrattenimento;Giochi/giocattoli;Prodotto / intrattenimento > Giochi/giocattoli;,,
Prodotto / intrattenimento;Gioielli/orologi;Prodotto / intrattenimento > Gioielli/orologi;,,
Prodotto / intrattenimento;Grammelot;Prodotto / intrattenimento > Grammelot;,,
Prodotto / intrattenimento;Grand Guignol;Prodotto / intrattenimento > Grand Guignol;,,
Prodotto / intrattenimento;Improvvisazione teatrale;Prodotto / intrattenimento > Improvvisazione teatrale;,,
Prodotto / intrattenimento;Intermezzo;Prodotto / intrattenimento > Intermezzo;,,
Prodotto / intrattenimento;Jōruri;Prodotto / intrattenimento > Jōruri;,,
Prodotto / intrattenimento;Kabuki;Prodotto / intrattenimento > Kabuki;,,
Prodotto / intrattenimento;Kathakali;Prodotto / intrattenimento > Kathakali;,,
Prodotto / intrattenimento;Kiōgen;Prodotto / intrattenimento > Kiōgen;,,
Prodotto / intrattenimento;Libro;Prodotto / intrattenimento > Libro;,,
Prodotto / intrattenimento;Lirica;Prodotto / intrattenimento > Lirica;,,
Prodotto / intrattenimento;Macchine fotografiche/fotografia;Prodotto / intrattenimento > Macchine fotografiche/fotografia;,,
Prodotto / intrattenimento;Mariazzo;Prodotto / intrattenimento > Mariazzo;,,
Prodotto / intrattenimento;Materiali di consumo per la casa;Prodotto / intrattenimento > Materiali di consumo per la casa;,,
Prodotto / intrattenimento;Materiali edili;Prodotto / intrattenimento > Materiali edili;,,
Prodotto / intrattenimento;Melodramma;Prodotto / intrattenimento > Melodramma;,,
Prodotto / intrattenimento;Mimo;Prodotto / intrattenimento > Mimo;,,
Prodotto / intrattenimento;Mimo latino;Prodotto / intrattenimento > Mimo latino;,,
Prodotto / intrattenimento;Monologo;Prodotto / intrattenimento > Monologo;,,
Prodotto / intrattenimento;Musica;Prodotto / intrattenimento > Musica;,,
Prodotto / intrattenimento;Musical;Prodotto / intrattenimento > Musical;,,
Prodotto / intrattenimento;Nō;Prodotto / intrattenimento > Nō;,,
Prodotto / intrattenimento;Nuovo circo;Prodotto / intrattenimento > Nuovo circo;,,
Prodotto / intrattenimento;Occhiali;Prodotto / intrattenimento > Occhiali;,,
Prodotto / intrattenimento;Ombre cinesi;Prodotto / intrattenimento > Ombre cinesi;,,
Prodotto / intrattenimento;One man show;Prodotto / intrattenimento > One man show;,,
Prodotto / intrattenimento;Opera buffa;Prodotto / intrattenimento > Opera buffa;,,
Prodotto / intrattenimento;Opera cinese;Prodotto / intrattenimento > Opera cinese;,,
Prodotto / intrattenimento;Operetta;Prodotto / intrattenimento > Operetta;,,
Prodotto / intrattenimento;Orologi;Prodotto / intrattenimento > Orologi;,,
Prodotto / intrattenimento;Pagina dell'applicazione;Prodotto / intrattenimento > Pagina dell'applicazione;,,
Prodotto / intrattenimento;Palliata;Prodotto / intrattenimento > Palliata;,,
Prodotto / intrattenimento;Performance Art;Prodotto / intrattenimento > Performance Art;,,
Prodotto / intrattenimento;Performance d'arte;Prodotto / intrattenimento > Performance d'arte;,,
Prodotto / intrattenimento;Premio musicale;Prodotto / intrattenimento > Premio musicale;,,
Prodotto / intrattenimento;Premio televisivo/cinematografico;Prodotto / intrattenimento > Premio televisivo/cinematografico;,,
Prodotto / intrattenimento;Prodotto/servizio;Prodotto / intrattenimento > Prodotto/servizio;,,
Prodotto / intrattenimento;Programma TV;Prodotto / intrattenimento > Programma TV;,,
Prodotto / intrattenimento;Prosa;Prodotto / intrattenimento > Prosa;,,
Prodotto / intrattenimento;Rete televisiva;Prodotto / intrattenimento > Rete televisiva;,,
Prodotto / intrattenimento;Rivista;Prodotto / intrattenimento > Rivista;,,
Prodotto / intrattenimento;Sacra rappresentazione;Prodotto / intrattenimento > Sacra rappresentazione;,,
Prodotto / intrattenimento;Sagre;Prodotto / intrattenimento > Sagre;,,
Prodotto / intrattenimento;Sala di concerti;Prodotto / intrattenimento > Sala di concerti;,,
Prodotto / intrattenimento;Salute/bellezza;Prodotto / intrattenimento > Salute/bellezza;,,
Prodotto / intrattenimento;Satira;Prodotto / intrattenimento > Satira;,,
Prodotto / intrattenimento;Sito Web;Prodotto / intrattenimento > Sito Web;,,
Prodotto / intrattenimento;Software;Prodotto / intrattenimento > Software;,,
Prodotto / intrattenimento;Spettacolo;Prodotto / intrattenimento > Spettacolo;,,
Prodotto / intrattenimento;Squadra sportiva;Prodotto / intrattenimento > Squadra sportiva;,,
Prodotto / intrattenimento;Stazione radio;Prodotto / intrattenimento > Stazione radio;,,
Prodotto / intrattenimento;Strumenti/attrezzature;Prodotto / intrattenimento > Strumenti/attrezzature;,,
Prodotto / intrattenimento;Studio;Prodotto / intrattenimento > Studio;,,
Prodotto / intrattenimento;Teatro;Prodotto / intrattenimento > Teatro;,,
Prodotto / intrattenimento;Teatro canzone;Prodotto / intrattenimento > Teatro canzone;,,
Prodotto / intrattenimento;Teatro classico;Prodotto / intrattenimento > Teatro classico;,,
Prodotto / intrattenimento;Teatro concezionale;Prodotto / intrattenimento > Teatro concezionale;,,
Prodotto / intrattenimento;Teatro dei burattini;Prodotto / intrattenimento > Teatro dei burattini;,,
Prodotto / intrattenimento;Teatro dei pupi;Prodotto / intrattenimento > Teatro dei pupi;,,
Prodotto / intrattenimento;Teatro della crudeltà;Prodotto / intrattenimento > Teatro della crudeltà;,,
Prodotto / intrattenimento;Teatro dell'assurdo;Prodotto / intrattenimento > Teatro dell'assurdo;,,
Prodotto / intrattenimento;Teatro di animazione;Prodotto / intrattenimento > Teatro di animazione;,,
Prodotto / intrattenimento;Teatro di avanguardia;Prodotto / intrattenimento > Teatro di avanguardia;,,
Prodotto / intrattenimento;Teatro di narrazione;Prodotto / intrattenimento > Teatro di narrazione;,,
Prodotto / intrattenimento;Teatro di ricerca;Prodotto / intrattenimento > Teatro di ricerca;,,
Prodotto / intrattenimento;Teatro di strada;Prodotto / intrattenimento > Teatro di strada;,,
Prodotto / intrattenimento;Teatro dialettale;Prodotto / intrattenimento > Teatro dialettale;,,
Prodotto / intrattenimento;Teatro epico;Prodotto / intrattenimento > Teatro epico;,,
Prodotto / intrattenimento;Teatro erudito;Prodotto / intrattenimento > Teatro erudito;,,
Prodotto / intrattenimento;Teatro ragazzi;Prodotto / intrattenimento > Teatro ragazzi;,,
Prodotto / intrattenimento;Teatro-danza;Prodotto / intrattenimento > Teatro-danza;,,
Prodotto / intrattenimento;Telefono/tablet;Prodotto / intrattenimento > Telefono/tablet;,,
Prodotto / intrattenimento;Tour di concerti;Prodotto / intrattenimento > Tour di concerti;,,
Prodotto / intrattenimento;Tragedia;Prodotto / intrattenimento > Tragedia;,,
Prodotto / intrattenimento;Tragedia greca;Prodotto / intrattenimento > Tragedia greca;,,
Prodotto / intrattenimento;Vaudeville;Prodotto / intrattenimento > Vaudeville;,,
Prodotto / intrattenimento;Veranda/giardino;Prodotto / intrattenimento > Veranda/giardino;,,
Prodotto / intrattenimento;Video musicale;Prodotto / intrattenimento > Video musicale;,,
Prodotto / intrattenimento;Videogioco;Prodotto / intrattenimento > Videogioco;,,
Prodotto / intrattenimento;Vini/liquori;Prodotto / intrattenimento > Vini/liquori;,,
Prodotto / intrattenimento;Vitamine/integratori;Prodotto / intrattenimento > Vitamine/integratori;,,
Prodotto / intrattenimento;Western;Prodotto / intrattenimento > Western;,,
Salute / Benessere;Ambulatori E Consultori;Salute / Benessere > Ambulatori E Consultori;,,
Salute / Benessere;Ambulatori medici e affini;Salute / Benessere > Ambulatori medici e affini;,,
Salute / Benessere;Andrologi;Salute / Benessere > Andrologi;,,
Salute / Benessere;Apparecchi Acustici;Salute / Benessere > Apparecchi Acustici;,,
Salute / Benessere;Cardiologi;Salute / Benessere > Cardiologi;,,
Salute / Benessere;Case Di Riposo;Salute / Benessere > Case Di Riposo;,,
Salute / Benessere;Centri Di Riabilitazione;Salute / Benessere > Centri Di Riabilitazione;,,
Salute / Benessere;Centri medici specialistici;Salute / Benessere > Centri medici specialistici;,,
Salute / Benessere;Chirurghi Estetici;Salute / Benessere > Chirurghi Estetici;,,
Salute / Benessere;Dentisti;Salute / Benessere > Dentisti;,,
Salute / Benessere;Dermatologi;Salute / Benessere > Dermatologi;,,
Salute / Benessere;Diabetologi;Salute / Benessere > Diabetologi;,,
Salute / Benessere;Dietologi;Salute / Benessere > Dietologi;,,
Salute / Benessere;Ente pubblico;Salute / Benessere > Ente pubblico;,,
Salute / Benessere;Estetica,centri;Salute / Benessere > Estetica,centri;
Salute / Benessere;Farmacie;Salute / Benessere > Farmacie;,,
Salute / Benessere;Fisioterapisti e pranoterapisti;Salute / Benessere > Fisioterapisti e pranoterapisti;,,
Salute / Benessere;Gastroenterologi;Salute / Benessere > Gastroenterologi;,,
Salute / Benessere;Ginecologi;Salute / Benessere > Ginecologi;,,
Salute / Benessere;Laboratori Di Analisi;Salute / Benessere > Laboratori Di Analisi;,,
Salute / Benessere;Massaggiatori;Salute / Benessere > Massaggiatori;,,
Salute / Benessere;Medici;Salute / Benessere > Medici;,,
Salute / Benessere;Medicina Del Lavoro;Salute / Benessere > Medicina Del Lavoro;,,
Salute / Benessere;Medicina Sportiva;Salute / Benessere > Medicina Sportiva;,,
Salute / Benessere;Neurologi;Salute / Benessere > Neurologi;,,
Salute / Benessere;Oculisti;Salute / Benessere > Oculisti;,,
Salute / Benessere;Odontotecnici;Salute / Benessere > Odontotecnici;,,
Salute / Benessere;Oncologi;Salute / Benessere > Oncologi;,,
Salute / Benessere;Ortopedici;Salute / Benessere > Ortopedici;,,
Salute / Benessere;Ortopedie;Salute / Benessere > Ortopedie;,,
Salute / Benessere;Ospedali;Salute / Benessere > Ospedali;,,
Salute / Benessere;Ospedali veterinari;Salute / Benessere > Ospedali veterinari;,,
Salute / Benessere;Osteopati;Salute / Benessere > Osteopati;,,
Salute / Benessere;Otorinolaringoiatri;Salute / Benessere > Otorinolaringoiatri;,,
Salute / Benessere;Ottici;Salute / Benessere > Ottici;,,
Salute / Benessere;Pediatri;Salute / Benessere > Pediatri;,,
Salute / Benessere;Pneumologi;Salute / Benessere > Pneumologi;,,
Salute / Benessere;Psichiatri;Salute / Benessere > Psichiatri;,,
Salute / Benessere;Psicologi;Salute / Benessere > Psicologi;,,
Salute / Benessere;Radiologi;Salute / Benessere > Radiologi;,,
Salute / Benessere;Reumatologi;Salute / Benessere > Reumatologi;,,
Salute / Benessere;Sanità;Salute / Benessere > Sanità;,,
Salute / Benessere;Sert;Salute / Benessere > Sert;,,
Salute / Benessere;Terme;Salute / Benessere > Terme;,,
Salute / Benessere;Urologi;Salute / Benessere > Urologi;,,
Salute / Benessere;Veterinari;Salute / Benessere > Veterinari;,,
Servizi;Aeroservizi;Servizi > Aeroservizi;,,
Servizi;Assicurazioni;Servizi > Assicurazioni;,,
Servizi;Assistenza e riparazione;Servizi > Assistenza e riparazione;,,
Servizi;Autogru;Servizi > Autogru;,,
Servizi;Autonoleggio;Servizi > Autonoleggio;,,
Servizi;Autotrasporti;Servizi > Autotrasporti;,,
Servizi;Banche e istituti di credito e risparmio;Servizi > Banche e istituti di credito e risparmio;,,
Servizi;Carrozzerie;Servizi > Carrozzerie;,,
Servizi;Consulenze tecniche;Servizi > Consulenze tecniche;,,
Servizi;Corrieri;Servizi > Corrieri;,,
Servizi;Demolitori;Servizi > Demolitori;,,
Servizi;Finanziarie;Servizi > Finanziarie;,,
Servizi;Fondi  di investimento;Servizi > Fondi  di investimento;,,
Servizi;Giornalismo;Servizi > Giornalismo;,,
Servizi;Immobiliari;Servizi > Immobiliari;,,
Servizi;Informatica;Servizi > Informatica;,,
Servizi;Intermediazioni;Servizi > Intermediazioni;,,
Servizi;Internet;Servizi > Internet;,,
Servizi;Lavanderie;Servizi > Lavanderie;,,
Servizi;Lavoro;Servizi > Lavoro;,,
Servizi;Libreria;Servizi > Libreria;,,
Servizi;Logistica;Servizi > Logistica;,,
Servizi;Noleggio;Servizi > Noleggio;,,
Servizi;Officine meccaniche - Elettrauto;Servizi > Officine meccaniche - Elettrauto;,,
Servizi;Organizzazione eventi;Servizi > Organizzazione eventi;,,
Servizi;Rifugi Alpini ;Servizi > Rifugi Alpini ;,,
Servizi;Scuole;Servizi > Scuole;,,
Servizi;Servizi vari;Servizi > Servizi vari;,,
Servizi;Spettacolo e comunicazione;Servizi > Spettacolo e comunicazione;,,
Servizi;Studi commerciali e amministrativi;Servizi > Studi commerciali e amministrativi;,,
Servizi;Studi grafici pubblicitari;Servizi > Studi grafici pubblicitari;,,
Servizi;Studi legali e notarili;Servizi > Studi legali e notarili;,,
Servizi;Studi tecnici;Servizi > Studi tecnici;,,
Servizi;Studi tecnici - architetti;Servizi > Studi tecnici - architetti;,,
Servizi;Studi tecnici - geologi;Servizi > Studi tecnici - geologi;,,
Servizi;Studi tecnici - geometri;Servizi > Studi tecnici - geometri;,,
Servizi;Studi tecnici - ingegneri;Servizi > Studi tecnici - ingegneri;,,
Servizi;Studi tecnici - periti industriali;Servizi > Studi tecnici - periti industriali;,,
Servizi;Telefonia mobile;Servizi > Telefonia mobile;,,
Servizi;Traslochi;Servizi > Traslochi;,,
Servizi;Vigilanza e investigazioni;Servizi > Vigilanza e investigazioni;,,
Spiritualità;Animismo ;Spiritualità > Animismo ;,,
Spiritualità;Bahai ;Spiritualità > Bahai ;,,
Spiritualità;Bantu ;Spiritualità > Bantu ;,,
Spiritualità;Buddhismo ;Spiritualità > Buddhismo ;,,
Spiritualità;Bwiti ;Spiritualità > Bwiti ;,,
Spiritualità;Candomblé ;Spiritualità > Candomblé ;,,
Spiritualità;Caodaismo ;Spiritualità > Caodaismo ;,,
Spiritualità;Ceondoismo ;Spiritualità > Ceondoismo ;,,
Spiritualità;Confucianesimo ;Spiritualità > Confucianesimo ;,,
Spiritualità;Cristianesimo ;Spiritualità > Cristianesimo ;,,
Spiritualità;Culti aborigeni australiani;Spiritualità > Culti aborigeni australiani;,,
Spiritualità;Culti malgasci ;Spiritualità > Culti malgasci ;,,
Spiritualità;Culto degli antenati;Spiritualità > Culto degli antenati;,,
Spiritualità;Danza degli spiriti ;Spiritualità > Danza degli spiriti ;,,
Spiritualità;Dievturiba ;Spiritualità > Dievturiba ;,,
Spiritualità;Dongba ;Spiritualità > Dongba ;,,
Spiritualità;Drusismo;Spiritualità > Drusismo;,,
Spiritualità;Ebraismo ;Spiritualità > Ebraismo ;,,
Spiritualità;Eckankar;Spiritualità > Eckankar;,,
Spiritualità;Giainismo ;Spiritualità > Giainismo ;,,
Spiritualità;Hetanesimo;Spiritualità > Hetanesimo;,,
Spiritualità;Ikuantao ;Spiritualità > Ikuantao ;,,
Spiritualità;Induismo ;Spiritualità > Induismo ;,,
Spiritualità;Inuit ;Spiritualità > Inuit ;,,
Spiritualità;Islam;Spiritualità > Islam;,,
Spiritualità;Juju;Spiritualità > Juju;,,
Spiritualità;Mandeismo ;Spiritualità > Mandeismo ;,,
Spiritualità;Manicheismo;Spiritualità > Manicheismo;,,
Spiritualità;Manituismo ;Spiritualità > Manituismo ;,,
Spiritualità;Marla ;Spiritualità > Marla ;,,
Spiritualità;Masai ;Spiritualità > Masai ;,,
Spiritualità;Maya;Spiritualità > Maya;,,
Spiritualità;Midewiwin ;Spiritualità > Midewiwin ;,,
Spiritualità;Mitologia hawaiana ;Spiritualità > Mitologia hawaiana ;,,
Spiritualità;New Age ;Spiritualità > New Age ;,,
Spiritualità;Obeah ;Spiritualità > Obeah ;,,
Spiritualità;Odinani ;Spiritualità > Odinani ;,,
Spiritualità;Palo ;Spiritualità > Palo ;,,
Spiritualità;Pastafarianesimo ;Spiritualità > Pastafarianesimo ;,,
Spiritualità;Peyotismo ;Spiritualità > Peyotismo ;,,
Spiritualità;Raelismo;Spiritualità > Raelismo;,,
Spiritualità;Rastafarianesimo;Spiritualità > Rastafarianesimo;,,
Spiritualità;Religione delle Ryūkyū;Spiritualità > Religione delle Ryūkyū;,,
Spiritualità;Religione popolare cinese;Spiritualità > Religione popolare cinese;,,
Spiritualità;Romuva ;Spiritualità > Romuva ;,,
Spiritualità;Samaritanesimo ;Spiritualità > Samaritanesimo ;,,
Spiritualità;Sami ;Spiritualità > Sami ;,,
Spiritualità;Santeria;Spiritualità > Santeria;,,
Spiritualità;Satanismo ;Spiritualità > Satanismo ;,,
Spiritualità;Sciamanesimo coreano;Spiritualità > Sciamanesimo coreano;,,
Spiritualità;Sciamanesimo ;Spiritualità > Sciamanesimo ;,,
Spiritualità;Scientology ;Spiritualità > Scientology ;,,
Spiritualità;Shintoismo ;Spiritualità > Shintoismo ;,,
Spiritualità;Sikhismo;Spiritualità > Sikhismo;,,
Spiritualità;Taoismo ;Spiritualità > Taoismo ;,,
Spiritualità;Tengrismo ;Spiritualità > Tengrismo ;,,
Spiritualità;Tenrikyo ;Spiritualità > Tenrikyo ;,,
Spiritualità;Thelema ;Spiritualità > Thelema ;,,
Spiritualità;Totemismo ;Spiritualità > Totemismo ;,,
Spiritualità;Unitariani universalisti ;Spiritualità > Unitariani universalisti ;,,
Spiritualità;Via romana agli dei ;Spiritualità > Via romana agli dei ;,,
Spiritualità;Vudù ;Spiritualità > Vudù ;,,
Spiritualità;Wicca ;Spiritualità > Wicca ;,,
Spiritualità;Yazdanesimo ;Spiritualità > Yazdanesimo ;,,
Spiritualità;Yoruba ;Spiritualità > Yoruba ;,,
Spiritualità;Zoroastrismo ;Spiritualità > Zoroastrismo ;,,
Sport;AERO - AEROMODELLISMO ;Sport > AERO - AEROMODELLISMO ;,,
Sport;AIUTO SPORT TICINESE ;Sport > AIUTO SPORT TICINESE ;,,
Sport;ALLOGGI PER GRUPPI;Sport > ALLOGGI PER GRUPPI;,,
Sport;ALPINISMO ;Sport > ALPINISMO ;,,
Sport;ARCIERI ;Sport > ARCIERI ;,,
Sport;ARTI MARZIALI;Sport > ARTI MARZIALI;,,
Sport;ASSOCIAZIONI;Sport > ASSOCIAZIONI;,,
Sport;ATLETICA / PODISMO;Sport > ATLETICA / PODISMO;,,
Sport;AUTOMOBILISMO;Sport > AUTOMOBILISMO;,,
Sport;Badminton;Sport > Badminton;,,
Sport;Ballo;Sport > Ballo;,,
Sport;Basket;Sport > Basket;,,
Sport;Beach-Soccer;Sport > Beach-Soccer;,,
Sport;Beach-Tennis;Sport > Beach-Tennis;,,
Sport;Beach-Volley;Sport > Beach-Volley;,,
Sport;Bicicletta;Sport > Bicicletta;,,
Sport;Bmx ;Sport > Bmx ;,,
Sport;Bocce ;Sport > Bocce ;,,
Sport;Bowling / Birilli ;Sport > Bowling / Birilli ;,,
Sport;Boxe - Pugilato ;Sport > Boxe - Pugilato ;,,
Sport;Bridge ;Sport > Bridge ;,,
Sport;Bungy Jumping ;Sport > Bungy Jumping ;,,
Sport;Calcetto ;Sport > Calcetto ;,,
Sport;Calcio ;Sport > Calcio ;,,
Sport;Canoa ;Sport > Canoa ;,,
Sport;Canottaggio ;Sport > Canottaggio ;,,
Sport;Canyoning ;Sport > Canyoning ;,,
Sport;Ciclismo;Sport > Ciclismo;,,
Sport;Cinofila;Sport > Cinofila;,,
Sport;Circo;Sport > Circo;,,
Sport;Corse D'orientamento;Sport > Corse D'orientamento;,,
Sport;Corse In Montagna;Sport > Corse In Montagna;,,
Sport;Curling;Sport > Curling;,,
Sport;Danza;Sport > Danza;,,
Sport;Dart ;Sport > Dart ;,,
Sport;Deltaplano;Sport > Deltaplano;,,
Sport;Equitazione;Sport > Equitazione;,,
Sport;Escursionismo;Sport > Escursionismo;,,
Sport;Fitness;Sport > Fitness;,,
Sport;Footbalino ;Sport > Footbalino ;,,
Sport;Freestyle ;Sport > Freestyle ;,,
Sport;Ginnastica;Sport > Ginnastica;,,
Sport;Golf;Sport > Golf;,,
Sport;Hockey Ghiaccio;Sport > Hockey Ghiaccio;,,
Sport;Hockey Inline Skater;Sport > Hockey Inline Skater;,,
Sport;HOCKEY Su Prato;Sport > HOCKEY Su Prato;,,
Sport;Inline Skater;Sport > Inline Skater;,,
Sport;Ippica;Sport > Ippica;,,
Sport;Judo;Sport > Judo;,,
Sport;Karate;Sport > Karate;,,
Sport;Lidi E Piscine;Sport > Lidi E Piscine;,,
Sport;Lotta Libera;Sport > Lotta Libera;,,
Sport;Macolin;Sport > Macolin;,,
Sport;Maratona Engadinese;Sport > Maratona Engadinese;,,
Sport;Marcia;Sport > Marcia;,,
Sport;Minigolf;Sport > Minigolf;,,
Sport;Modellismo;Sport > Modellismo;,,
Sport;Motori;Sport > Motori;,,
Sport;Mountainbike;Sport > Mountainbike;,,
Sport;Nambudo;Sport > Nambudo;,,
Sport;Nautica;Sport > Nautica;,,
Sport;Nuoto;Sport > Nuoto;,,
Sport;Olimpiadi;Sport > Olimpiadi;,,
Sport;Pallacanestro;Sport > Pallacanestro;,,
Sport;Pallanuoto;Sport > Pallanuoto;,,
Sport;Pallavolo;Sport > Pallavolo;,,
Sport;Paracadutismo;Sport > Paracadutismo;,,
Sport;Paragliding / Parapendio;Sport > Paragliding / Parapendio;,,
Sport;Paraplegici;Sport > Paraplegici;,,
Sport;Parco Avventura;Sport > Parco Avventura;,,
Sport;Pattinaggio;Sport > Pattinaggio;,,
Sport;Percorso Vita;Sport > Percorso Vita;,,
Sport;Pesca;Sport > Pesca;,,
Sport;Podismo / Atletica;Sport > Podismo / Atletica;,,
Sport;Pugilato - Box;Sport > Pugilato - Box;,,
Sport;Rafting;Sport > Rafting;,,
Sport;Riviste;Sport > Riviste;,,
Sport;Rugby;Sport > Rugby;,,
Sport;Scacchi;Sport > Scacchi;,,
Sport;Scherma;Sport > Scherma;,,
Sport;Sci Alpino;Sport > Sci Alpino;,,
Sport;Sci Nautico;Sport > Sci Nautico;,,
Sport;Sci Nordico;Sport > Sci Nordico;,,
Sport;Sede sportiva;Sport > Sede sportiva;,,
Sport;Skateboard;Sport > Skateboard;,,
Sport;Snowboard;Sport > Snowboard;,,
Sport;Sport E Turismo;Sport > Sport E Turismo;,,
Sport;Sport E Vacanze;Sport > Sport E Vacanze;,,
Sport;Sport Per Invalidi;Sport > Sport Per Invalidi;,,
Sport;Sport Scolastico;Sport > Sport Scolastico;,,
Sport;Squadra sportiva dilettantistica;Sport > Squadra sportiva dilettantistica;,,
Sport;Squadra sportiva scolastica/universitaria;Sport > Squadra sportiva scolastica/universitaria;,,
Sport;Stazioni Invernali;Sport > Stazioni Invernali;,,
Sport;Subacqueo;Sport > Subacqueo;,,
Sport;Tamburello;Sport > Tamburello;,,
Sport;Tennis;Sport > Tennis;,,
Sport;Tennistavolo;Sport > Tennistavolo;,,
Sport;Tiro;Sport > Tiro;,,
Sport;Tiro Con L'arco;Sport > Tiro Con L'arco;,,
Sport;Torrentismo;Sport > Torrentismo;,,
Sport;Trekking;Sport > Trekking;,,
Sport;Triathlon;Sport > Triathlon;,,
Sport;Turismo E Sport;Sport > Turismo E Sport;,,
Sport;Tuttosport;Sport > Tuttosport;,,
Sport;Twirling;Sport > Twirling;,,
Sport;Unihockey;Sport > Unihockey;,,
Sport;Vela;Sport > Vela;,,
Sport;Velo Club;Sport > Velo Club;,,
Sport;Vita Parcours;Sport > Vita Parcours;,,
Sport;Volleyball;Sport > Volleyball;,,
Sport;Volo Libero;Sport > Volo Libero;,,
Sport;Wakeboard;Sport > Wakeboard;,,
Sport;Walking;Sport > Walking;,,
Sport;Wellness;Sport > Wellness;,,
Sport;Windsurf;Sport > Windsurf;,,